{
  "greeting": "Oyee",
  "name": "Jaan💕",
  "greetingText": "Vaise jaan ki jagh Pgl likhna chaiye tha!",
  "wishText": "Distance might divide us, but our love stretches beyond it. <3",
  "imagePath": "img/lydia2.png",
  "text1": "It's Your Birthday!!! :D",
  "textInChatBox": "Happy Birthday Meri jaan!! Yeee! Many many happy blah...",
  "sendButtonLabel": "Send",
  "text2": "Phale yeh karne wala tha.",
  "text3": "Par mei ruk gya",
  "text4": "Fir mujhe laga ki Kuch karna chaiye",
  "text4Adjective": "Special!",
  "text5Entry": "Kyuki,",
  "text5Content": "Tu Special hai",
  "smiley": ":)",
  "bigTextPart1": "S",
  "bigTextPart2": "O",
  "wishHeading": "Happy Birthday!",
  "outroText": "Okay, Ab Vaps aa aur Bta Kesa laga?",
  "replayText": "ya fir dubara dekhne ke liye click kar.",
  "outroSmiley": ":)"
}
